,word,Frequency
11,Trump,193
27,House,44
553,Donald,37
21,Mueller,34
201,Trump's,32
80,President,28
26,White,27
61,Russia,26
79,Megathread:,24
16,Russian,21
84,To,17
78,time,17
82,His,16
298,Michael,16
1001,Trump’s,15
154,Senate,14
686,US,14
299,Cohen,13
343,Is,13
312,In,12
186,report,12
544,Obama,12
321,—,12
485,Fox,12
195,Republicans,11
353,tax,11
139,Not,11
368,Americans,11
136,Sanders,11
792,For,11
1141,New,11
486,News,11
64,net,11
562,Over,11
86,Congress,10
39,government,10
254,Comey,10
611,just,10
216,border,10
390,U.S.,10
65,neutrality,10
494,Tax,10
102,Alexandria,10
181,From,9
98,Election,9
194,If,9
103,Ocasio-Cortez,9
262,Report,9
218,wall,9
74,McConnell,9
648,claims,9
536,Trump:,9
531,Has,9
405,Democrats,9
737,GOP,9
356,2020,8
403,probe,8
1117,Paul,8
602,say,8
189,federal,8
1044,FBI,8
556,It’s,8
87,About,8
264,Putin,8
282,climate,8
97,make,8
414,With,8
1009,He,8
219,Federal,8
178,Have,8
104,Says,8
124,After,8
617,Justice,8
1391,American,8
283,change,7
89,Tower,7
977,testify,7
1176,pay,7
418,Of,7
987,It,7
135,Bernie,7
699,National,7
246,Dem,7
782,money,7
933,national,7
44,FCC,7
727,Manafort,7
671,Florida,7
665,Border,7
145,Against,7
580,Security,7
409,Campaign,7
523,Robert,7
66,vote,7
354,returns,7
10,Democrat,7
623,General,6
259,Flynn,6
176,All,6
637,release,6
260,Investigation,6
763,wants,6
453,new,6
297,administration,6
976,calls,6
711,Kushner,6
2056,cost,6
795,campaign,6
913,president,6
83,Attorney,6
459,Sen.,6
965,meeting,6
506,I'm,6
57,Was,6
337,Million,6
222,United,6
32,used,6
925,2016,6
919,Office,6
594,gets,6
1631,Mitch,5
126,Sessions,5
133,Video,5
183,votes,5
192,finds,5
191,poll,5
1469,election,5
1231,We,5
288,Special,5
296,officials,5
530,Court,5
1271,asked,5
1116,Years,5
344,Now,5
71,million,5
271,investigation,5
517,woman,5
88,Moscow,5
1067,impeachment,5
808,Democratic,5
1275,Jr.,5
99,Day,5
187,public,5
826,Impeachment,5
1016,said,5
1387,Warren,5
15,information,5
375,healthcare,5
389,Show,5
875,Be,5
1754,Poll:,5
712,secret,5
457,Sean,4
1303,care,4
1310,called,4
563,$1,4
766,speech,4
287,Alabama,4
229,Documents,4
1595,Got,4
223,States,4
643,Constitutional,4
217,block,4
503,Saudi,4
687,Paris,4
529,Supreme,4
1351,claim,4
1990,She,4
705,State,4
636,Petition,4
484,releases,4
713,security,4
537,won't,4
1771,Golf,4
539,military,4
286,Calls,4
2009,health,4
1297,More,4
890,Would,4
793,"time,",4
1185,Russians,4
975,Committee,4
983,testimony,4
114,Government,4
1515,saying,4
994,amid,4
108,Their,4
252,presidents,4
1006,percent,4
1015,Lawyer,4
1157,Mexico,4
101,instead,4
575,private,4
1034,Act,4
43,calling,4
574,Pence,4
1064,Republican,4
93,stop,4
1071,Ocasio-Cortez:,4
572,Report:,4
1083,jail,4
345,Most,4
828,Than,4
404,Pelosi,4
587,And,4
926,Ted,4
1270,James,4
856,Out,4
160,CNN,4
159,Neutrality,4
158,Net,4
863,This,4
603,ordered,4
440,wins,4
904,Kavanaugh,4
968,intelligence,4
595,3,4
927,Cruz,4
142,Change,4
141,Climate,4
55,Into,4
303,real,4
593,lawyer,4
307,What,4
130,repeal,4
75,blocks,4
652,Law,4
1433,Guilty,3
545,marijuana,3
552,accused,3
1108,Reddit,3
73,filed,3
512,Georgia,3
1452,office,3
34,email,3
347,Twitter,3
350,passes,3
33,personal,3
355,announces,3
357,presidential,3
358,run,3
360,support,3
371,billion,3
396,Secret,3
398,Ex-Trump,3
28,Counsel,3
411,Had,3
415,Intelligence,3
1864,held,3
428,Betsy,3
430,family,3
1876,Puerto,3
450,ask,3
451,10,3
454,Cohen’s,3
479,things,3
482,ballot,3
483,unless,3
488,Are,3
491,Own,3
1898,No,3
452,years,3
719,popular,3
564,Billion,3
956,11,3
974,Judiciary,3
2110,general,3
969,'I,3
1186,That,3
966,access,3
2258,Executive,3
951,day,3
1418,want,3
948,fired,3
947,counsel,3
936,Will,3
905,Were,3
1226,Get,3
880,told,3
988,Say,3
991,agrees,3
993,charity,3
1000,ambassador,3
2118,majority,3
1029,elected,3
1039,CEO,3
1042,Resigns,3
1065,lawmakers,3
1130,shutdown,3
1129,Dems,3
1127,can’t,3
1126,You,3
1084,judge,3
1123,Acosta,3
1090,ballots,3
2176,Rep.,3
871,Did,3
855,Vote,3
1257,continue,3
704,By,3
577,address,3
618,Department,3
627,drug,3
628,companies,3
1960,fake,3
1380,remove,3
655,Judge,3
656,orders,3
1968,Roy,3
658,Jim,3
1977,case,3
679,Mar-a-Lago,3
1354,Thousands,3
689,telling,3
707,Threat,3
2058,Barack,3
709,rejected,3
716,Sarah,3
723,millions,3
725,resolution,3
736,Fraud,3
2007,people,3
2405,Impeach,3
750,plans,3
753,McCain,3
1309,Ryan,3
2379,York,3
1302,immigration,3
1703,outside,3
1267,Said,3
1537,rejects,3
1407,America,3
134,Shows,3
1607,deal,3
179,Been,3
58,Secretly,3
193,Obama:,3
46,Ajit,3
1795,funding,3
165,press,3
120,Protests,3
1722,Press,3
153,History,3
185,Mueller's,3
248,bills,3
310,People,3
247,introduces,3
228,Demanding,3
1732,protect,3
129,plan,3
1589,staff,3
290,Jones,3
304,estate,3
1724,Email,3
235,floor,3
38,emails,3
131,rules,3
1791,away,3
161,news,3
170,he's,3
1747,Presidency,3
76,reopen,3
1652,nearly,3
41,year,3
113,Down,3
1609,Former,3
112,Shut,3
47,Pai,3
1654,price,3
1734,know,3
156,Bill,3
208,Block,3
1945,Illegally,2
597,crimes,2
596,prison,2
1404,media,2
1742,DeVos,2
1706,officially,2
964,Oval,2
2238,science,2
604,doesn't,2
1792,people',2
1587,official,2
111,They,2
1401,reportedly,2
1400,Record,2
110,Too,2
127,Fired,2
1707,youngest,2
621,files,2
2259,Order,2
619,end,2
996,political,2
12,revealed,2
995,allegations,2
765,free,2
1395,sold,2
1396,deals,2
1434,Child,2
609,thinks,2
1578,shows,2
1398,Returns,2
51,numbers,2
546,treated,2
1685,meddle,2
591,does,2
547,like,2
1305,debt,2
257,Him,2
2241,"Wall,",2
155,Passes,2
569,Payment,2
1420,employees,2
1181,illegal,2
554,sexual,2
2112,IRS,2
2505,attorney,2
258,End,2
1798,takes,2
778,ICE,2
1735,I’m,2
558,stories,2
573,Mike,2
2070,directed,2
1935,Disguised,2
971,right,2
2509,Senator,2
1237,buy,2
249,eliminate,2
52,F.B.I.,2
586,On,2
1307,‘I,2
1412,state,2
119,Nationwide,2
1939,erupt,2
1184,NRA,2
773,personally,2
1937,[Megathread],2
1175,company,2
241,Tillerson,2
1643,questions,2
202,iPhone,2
1955,tied,2
1324,weeks,2
1326,talks,2
1211,Kemp,2
148,Pledged,2
1210,Brian,2
700,Council,2
2011,John,2
916,it's,2
697,Stephen,2
1347,That’s,2
891,Make,2
955,implicated,2
1206,willing,2
1321,golf,2
1987,false,2
688,Accord,2
1781,bin,2
9,loses,2
1986,dramatic,2
683,Advisory,2
2273,Bunch,2
706,Bar,2
708,Officials,2
2089,truth,2
710,Jared,2
1223,Resident,2
732,Deal,2
2082,publicly,2
2415,seen,2
728,Lied,2
1688,hits,2
726,Mueller:,2
895,Public,2
2296,Promised,2
722,lost,2
1715,encourages,2
741,busted,2
333,Planned,2
1999,Spicer,2
2086,Protect,2
1216,Right,2
1996,Go,2
204,Introduces,2
1227,Away,2
751,statement,2
1202,Playing,2
2441,Free,2
649,compromising,2
646,Citizens,2
645,Overturn,2
644,Amendment,2
946,special,2
642,Bipartisan,2
1963,Clearance,2
1379,introduced,2
2680,laundering,2
1313,'a,2
2262,Elizabeth,2
634,opioid,2
237,offers,2
764,limit,2
534,Conspiracy,2
952,offered,2
2468,McCabe,2
238,host,2
953,evidence,2
1192,repeats,2
883,got,2
650,May,2
2301,Times,2
2393,transition,2
930,Beto,2
1200,Legal,2
220,Prosecutors,2
932,hour,2
1745,cover,2
934,TV,2
668,dies,2
224,Committed,2
757,Streets,2
662,migrant,2
939,Directly,2
660,pass,2
1969,Moore,2
1783,shot,2
940,Agreement,2
227,"Organization,",2
941,Pentagon,2
1966,voters,2
942,Confirms,2
535,slams,2
1173,met,2
1138,Administration,2
1073,oppose,2
1277,California,2
406,introduce,2
1069,Rod,2
1070,Rosenstein,2
402,arrested,2
401,Stone,2
400,Roger,2
1254,allow,2
173,denounces,2
2059,spent,2
2182,Demand,2
821,Transferring,2
1256,troops,2
393,Immigration,2
2185,'We,2
68,makes,2
30,Quit,2
315,Prison,2
388,Leaked,2
1080,lied,2
408,week,2
309,Told,2
1657,costs,2
1556,Emergency,2
433,Exposes,2
1251,pro-Trump,2
1139,Declines,2
2199,month,2
1437,Faces,2
1057,shuts,2
2197,trips,2
426,took,2
2143,Cost,2
2588,doesn’t,2
1504,proceedings,2
2060,DNC,2
419,Sexual,2
1278,'This,2
2351,Due,2
416,Man,2
95,Columbus,2
25,When,2
816,sanctions,2
1081,ready,2
382,admits,2
1282,Cities,2
2169,Thanksgiving,2
35,account,2
1826,hearings,2
323,giving,2
2057,taxpayers,2
1118,Accused,2
1547,talking,2
348,Any,2
1536,advance,2
842,Comcast,2
329,left,2
381,Schumer,2
330,law,2
834,Using,2
1102,'no,2
339,Ocasio-Cortez's,2
841,Elections,2
2160,Presidential,2
2334,students,2
335,Vladimir,2
334,Give,2
77,second,2
829,Approval,2
1532,directly,2
318,Food,2
1522,summit,2
379,reinstate,2
825,Support,2
1085,county,2
1124,Ban,2
316,Time,2
374,"education,",2
373,"infrastructure,",2
372,demanding,2
1552,collusion,2
370,$5,2
369,spend,2
31,Ivanka,2
846,charge,2
827,Higher,2
1529,conduct,2
1662,Must,2
362,video,2
1091,Dept.,2
1052,history,2
1332,anthem,2
1283,Assault,2
1899,One,2
868,Call,2
504,Arabia,2
1571,Scott,2
502,arms,2
867,Union,2
497,emergency,2
1243,Stormy,2
1244,Daniels,2
1020,Social,2
1807,pre-existing,2
1165,it:,2
279,age,2
157,Save,2
1896,Votes,2
2221,world,2
1024,cuts,2
24,Off,2
2066,obtains,2
437,5,2
175,nationalism,2
1164,Admit,2
2374,Violating,2
2131,Spent,2
1914,Hit,2
20,Ordered,2
269,First,2
270,charges,2
1438,Life,2
872,Nixon,2
999,twice,2
1442,role,2
106,Should,2
1170,obstruction,2
1241,Hush,2
785,confirms,2
518,governor,2
1804,Don’t,2
516,Black,2
1447,candidate,2
1005,2,2
105,Lawmakers,2
274,asks,2
1168,investigating,2
869,Investigations.,2
480,up',2
40,business,2
1468,Pennsylvania,2
1043,Decision,2
461,bombshell,2
2211,senator:,2
458,Hannity,2
1289,Acting,2
1249,ban,2
1815,Paying,2
295,senior,2
1286,Trump-Russia,2
2062,longer,2
2365,remembered,2
1045,Director,2
2207,Exposed,2
444,single,2
1490,signs,2
1712,Germany,2
441,Va.,2
1145,Subpoena,2
163,blocked,2
801,team,2
1037,workers,2
797,help,2
100,holiday,2
1032,Pay,2
1889,Constitution,2
2035,Wall,2
1474,crisis,2
472,running,2
289,Doug,2
1470,major,2
473,economy,2
2559,Facebook,2
1893,Evidence,2
1475,wanted,2
2061,unanimously,1
2067,Trump-Cohen,1
2073,begin’,1
2076,Hoyer,1
2079,anti-Putin,1
2078,fiery,1
2065,fuel,1
1755,approval,1
1719,Instructions,1
2055,expenses,1
2064,fossil,1
1756,rating,1
1752,Acknowledgement,1
2074,'USA',1
2072,‘must,1
2071,"lie,",1
2063,accept,1
1753,Duties,1
2068,tape,1
2077,gives,1
2075,chant,1
2069,Holder:,1
2080,affordable,1
1739,fifth,1
2081,congresswoman,1
1723,Conference,1
1699,FBI's,1
2141,Homeless,1
2140,Every,1
2139,Feed,1
1700,Cell,1
1733,Trump.,1
2138,Could,1
2137,trust,1
2136,reporter,1
2135,"bang,",1
2134,starts,1
2144,Military,1
2133,briefing,1
2132,$0.,1
2130,Meddling.,1
2129,Fight,1
2128,$120,1
2127,Granted,1
2126,returns:,1
2125,publicize,1
2124,"Associate,",1
1721,Today's,1
2142,Veteran,1
2145,"Parade,",1
2083,accuse,1
1727,Dangling,1
2161,Historian:,1
2159,transparency',1
2158,'openness,1
2157,days,1
2156,"report,",1
1698,issued,1
2155,'enemy,1
2154,tweets:,1
2153,Reject,1
2152,Building,1
1728,Pardon,1
2146,Even,1
1726,Obstructed,1
2151,Descend,1
1729,Nunes,1
2150,Arrests,1
1725,Showing,1
1730,buried,1
1731,meddling,1
2149,Mass,1
2148,Estimated,1
2147,Conservatively,1
2123,Data,1
2122,Shared,1
2121,Gallup,1
2094,Macron,1
2101,Wasserman,1
2100,Obamacare,1
2099,compared,1
1744,trying,1
2098,425%,1
2097,Pregnancy,1
1746,scandal,1
1748,Legally,1
2096,patriotism’,1
2095,‘betrayal,1
1749,"Over,",1
1701,signal,1
2093,France’s,1
2092,"remembrance,",1
2091,War,1
2090,World,1
2088,isn't,1
2087,62,1
1750,Pending,1
1751,McConnell’s,1
2085,Blocked,1
2084,criminal,1
2102,Schultz,1
2103,Resign,1
1743,fronts,1
1720,Reporting,1
2120,record,1
2119,disapproval,1
1702,puts,1
2117,"this""",1
2116,"""he's",1
2115,"""amateur,""",1
2114,attacked,1
2113,won’t,1
2111,subpoena,1
1736,committee,1
1737,Anti-Trump,1
1738,protests,1
2053,Documents.,1
1740,night,1
1741,investigate,1
2109,attorneys,1
2108,Scandal’,1
2107,Serious,1
2106,‘Most,1
2105,Surge,1
2104,Leaks,1
2054,travel,1
1832,Comey’s,1
2052,Zero,1
1895,Changed,1
1805,believe,1
1908,Sixteen,1
1907,positive,1
1806,“priority”,1
1906,folder,1
1905,OPA,1
1904,|,1
1903,Within,1
1902,Federation,1
1901,Agent,1
1900,Charged,1
1708,Reporter,1
1897,But,1
1808,conditions:,1
1709,'stormed,1
1910,Verdicts,1
1809,asking,1
1810,court,1
1894,Hackers,1
1811,rule,1
1892,sitting,1
1891,prosecution,1
1890,allows,1
1888,assault,1
1887,investigates,1
1886,Delay,1
1885,Association:,1
1884,impeached,1
1812,Obamacare’s,1
1883,"Clinton,",1
1909,"""Guilty""",1
1911,"Row,",1
2051,Handed,1
1925,Christie,1
1794,eliminating,1
1796,"PBS,",1
1797,NPR,1
1934,Requests,1
1933,Donation,1
1932,Mailing,1
1713,halts,1
1931,threats,1
1930,list,1
1929,drop,1
1928,incited,1
1799,knee,1
1927,chief,1
1926,declines,1
1924,Chris,1
1912,Hundreds,1
1800,ceremony,1
1923,up’?,1
1922,way,1
1801,confiscated,1
1921,‘work,1
1802,notes,1
1920,billionaires,1
1919,Why,1
1918,Schultz:,1
1917,Moves,1
1803,NYT,1
1916,Pardons,1
1915,Issues,1
1913,Ready,1
1882,standard,1
1813,conditions,1
1814,unconstitutional.,1
1841,Created,1
1854,Advisor,1
1823,Refugees,1
1853,Foreign,1
1852,idiot',1
1851,'the,1
1850,Coulter,1
1849,Ann,1
1848,Inside,1
1847,Resistance,1
1846,Part,1
1845,Am,1
1844,Then,1
1843,Deficit,1
1842,Trillion-Dollar,1
1840,Guy”,1
1881,1999,1
1824,40,1
1825,investigation:,1
1827,'overt,1
1839,Budgets,1
1838,Balanced,1
1837,Responsible,1
1828,acts,1
1829,obstruction',1
1830,Intel,1
1836,“Mr.,1
1835,debate,1
1834,given,1
1831,accepts,1
1833,offer,1
1855,George,1
1822,Week,1
1856,Papadopoulos,1
1711,"Pelosi,",1
1880,Graham's,1
1879,Lindsey,1
1878,power,1
1877,Rico's,1
1816,Pornstar,1
1875,restore,1
1874,contract,1
1873,massive,1
1872,hometown,1
1871,chief's,1
1870,Interior,1
1869,Small,1
1817,Money,1
1868,waste,1
1818,Ended,1
1867,complain,1
1866,Benghazi,1
1865,33,1
1863,Are.,1
1819,Other,1
1862,Here,1
1820,Terrorists,1
1861,Moscow.,1
1860,Plans”,1
1859,“No,1
1858,There,1
1821,Killed,1
1710,out',1
1857,Pleaded,1
1936,Summonses,1
1793,proposes,1
1938,Concludes,1
1767,Felon,1
1765,violating,1
2025,week.,1
2024,mentioned,1
2023,election.,1
2022,sad',1
2021,'somewhat,1
1766,ethics,1
1717,Warns,1
2020,NYC,1
2019,'lock,1
2018,chants,1
2017,greeted,1
2016,motorcade,1
2015,Chaos,1
2014,Along:,1
2000,Secretary,1
2013,Lying,1
2012,Kelly,1
1716,allies,1
2010,coverage.,1
2008,lose,1
1768,Laziest,1
1769,Departs,1
2006,32,1
2005,this.,1
2004,sugarcoat,1
2003,Foundation,1
1770,17-Day,1
1772,Resort,1
2002,Science,1
1764,potentially,1
2026,Assange,1
1763,"stuff,'",1
2027,Ecuadorian,1
2050,They’ve,1
1757,jumps,1
2049,Cooperating,1
2048,Poll,1
1758,points,1
1759,Kellyanne,1
1760,Conway,1
2047,"Rating,",1
2046,"Now,",1
2045,Shady,1
2044,Going,1
2043,Breitbart.,1
2042,question,1
2041,news’,1
1761,'go,1
2040,‘fake,1
2039,CNN’s,1
2038,shouted,1
2037,Compromised,1
2036,Crowdfunding,1
2034,Voters,1
2033,Guest,1
1762,Ivanka's,1
1718,Reporters,1
2032,Deductions,1
2031,$323,1
2030,Losing,1
2029,Taxpayers,1
2028,embassy,1
2001,cutting,1
1998,Rest,1
1940,Strikes,1
1956,pro-Saudi,1
1967,saved,1
1785,dumped,1
1965,present,1
1786,ocean,1
1964,notetakers,1
1787,warn:,1
1962,smear,1
1788,'There,1
1961,firm,1
1959,troll,1
1958,Pro-Trump,1
1957,messaging.,1
1789,going,1
1790,taking,1
1954,Bots,1
1773,Vacation,1
1953,invective,1
1952,anti-Mueller,1
1951,retweeting,1
1950,bots,1
1704,Prague,1
1949,"5,000",1
1948,victory,1
1705,purported,1
1947,certifies,1
1946,Benefits,1
1944,Saying,1
1943,"Map,",1
1942,Congressional,1
1941,State’s,1
1784,"dead,",1
1970,Ruth,1
1971,Bader,1
1972,Ginsburg,1
1997,Jail—For,1
1774,Service,1
1775,agents,1
1776,frequent,1
1995,Really,1
1994,operation.,1
1993,sting,1
1777,"travel,",1
1992,undercover,1
1991,appears,1
1778,large,1
1989,Moore.,1
1779,worse,1
1988,tale,1
1780,Osama,1
1985,Post,1
1984,approached,1
1983,worldwide,1
1714,"Arabia,",1
1982,hashtag,1
1981,trending,1
1980,#TrumpShutdown,1
1979,Barr,1
1978,"redactions,",1
1782,Laden,1
1976,Restrictions,1
1975,Asylum,1
1974,Hospital,1
1973,Voted,1
2162,Article,1
2329,talk,1
2163,'Obstruction,1
2598,Official:,1
2581,stunning,1
2582,upset,1
2583,overwhelmingly,1
2584,bar,1
2585,exit,1
2586,NATO,1
2587,finally,1
2589,Kavanaugh’s,1
2590,accuser,1
2591,Attacking,1
2592,Dijon,1
2593,Mustard,1
2594,At,1
2595,Point,1
2596,Budget,1
2580,Michigan,1
2579,Shortage,1
2578,Controller,1
2569,Ground,1
2563,thousands”,1
2564,replaces,1
2565,Indigenous,1
2566,Peoples,1
2567,FAA,1
2568,Orders,1
2570,Stops,1
2577,Traffic,1
2571,Delays,1
2572,Flights,1
2573,Major,1
2574,Airports,1
2575,Shutdown-Related,1
2576,Air,1
2597,Makes,1
2599,You’re,1
2561,breakup,1
2600,Environmentalists,1
2619,don’t,1
2620,healthcare’,1
2621,Matthew,1
2622,Whitaker,1
2623,"jews,",1
2624,muslims,1
2625,atheists,1
2626,judges,1
2627,Sought,1
2628,Aid,1
2629,"Candidacy,",1
2630,According,1
2631,ISIS,1
2632,envoy,1
2633,‘should,1
2618,‘Nobody,1
2617,rep:,1
2616,leadership',1
2607,rarely,1
2601,launch,1
2602,'emergency',1
2603,persuade,1
2604,fears,1
2605,'planetary,1
2606,disaster',1
2608,cellphone’,1
2615,'poor,1
2609,tweet,1
2610,sent,1
2611,criticises,1
2612,mayor,1
2613,Rican,1
2614,capital,1
2562,"""tens",1
2560,ads,1
2164,Directing,1
2522,branch,1
2504,"FCC,",1
2506,Warner,1
2507,future,1
2508,shutdowns:,1
2510,Warner's,1
2511,Stop,1
2512,STUPIDITY,1
2513,(Shutdowns,1
2514,Unnecessary,1
2515,Pain,1
2516,Inflicting,1
2517,Damage,1
2518,Coming,1
2519,Years),1
2520,fund,1
2503,stymied,1
2502,foes,1
2501,"Mueller,",1
2492,Mythical,1
2486,Himself,1
2487,Literally,1
2488,Understand,1
2489,Shutdown,1
2490,Do,1
2491,Fearmongering,1
2493,Voter,1
2500,Fires,1
2494,"Fraud,",1
2495,'Silence,1
2496,Deafening',1
2497,Real,1
2498,North,1
2499,Carolina,1
2521,legislative,1
2523,vowed,1
2558,television',1
2524,8,1
2543,'take,1
2544,media's,1
2545,credentials',1
2546,negative,1
2547,aide,1
2548,Rick,1
2549,Gates,1
2550,plead,1
2551,guilty;,1
2552,"Manafort,",1
2553,sources,1
2554,Clinton,1
2555,fires,1
2556,'You,1
2557,hack,1
2542,threatens,1
2541,barring,1
2540,aides,1
2531,Across,1
2525,years.,1
2526,He’s,1
2527,track,1
2528,leave,1
2529,50,1
2530,higher.,1
2532,Join,1
2539,sues,1
2533,Movement,1
2534,adverts,1
2535,funded,1
2536,billionaire,1
2537,Tom,1
2538,Steyer,1
2634,scare,1
2635,hell,1
2636,American’,1
2746,wiretaps,1
2730,interfere,1
2731,Three,1
2732,Resorts,1
2733,ex-National,1
2734,Adviser,1
2735,Flynn's,1
2736,cooperation,1
2737,"'substantial,'",1
2738,recommends,1
2739,OK,1
2740,children:,1
2741,‘They,1
2742,advisers,1
2743,president’,1
2744,Breitbart,1
2729,concerned,1
2728,People',1
2727,Our,1
2718,justice,1
2712,China,1
2713,Macron:,1
2714,France,1
2715,share,1
2716,UN's,1
2717,panel,1
2719,Tweets,1
2726,Control,1
2720,Rico,1
2721,Disgrace,1
2722,"“DDoS,”",1
2723,blames,1
2724,Urges,1
2725,'Return,1
2745,source,1
2747,conducted,1
2637,lasts,1
2748,predawn,1
2767,Melania,1
2768,lived,1
2769,suit,1
2770,"Trump,",1
2771,alleging,1
2772,engaged,1
2773,‘illegal,1
2774,conduct’,1
2775,Offering,1
2776,Online,1
2777,Filing.,1
2778,Thank,1
2779,TurboTax.,1
2780,"drug,",1
2781,"free,",1
2766,education,1
2765,$18m,1
2764,wouldn't,1
2755,carry,1
2749,raid,1
2750,chairman,1
2751,Manafort's,1
2752,home,1
2753,Networks,1
2754,agree,1
2756,nonexistent,1
2763,networks.,1
2757,‘crisis’,1
2758,U.S.-Mexico,1
2759,2014,1
2760,“overtly,1
2761,"political""",1
2762,air,1
2711,war,1
2710,trade,1
2709,consequence,1
2708,direct,1
2656,bookstore,1
2657,‘Fire,1
2658,Fury’,1
2659,20,1
2660,minutes,1
2661,midnight,1
2662,Fmr,1
2663,Prosecutor:,1
2664,Wiretap,1
2665,Someone,1
2666,Tweeted,1
2667,I’d,1
2668,"‘Wow,",1
2669,Obstruction’,1
2670,Ilhan,1
2655,DC,1
2654,"Years,",1
2653,Taxes,1
2644,McCain:,1
2638,"weeks,",1
2639,exceed,1
2640,trans,1
2641,soldiers',1
2642,Funneled,1
2643,"Businesses,",1
2645,sure,1
2652,Income,1
2646,members',1
2647,subsidies,1
2648,"500,000",1
2649,signatures,1
2650,Likely,1
2651,Paid,1
2671,Omar:,1
2672,Legalize,1
2673,"everywhere,",1
2700,abruptly,1
2694,police,1
2695,chief:,1
2696,politicians,1
2697,'offering,1
2698,prayers',1
2699,shootings,1
2701,'dismissed',1
2692,misleading,1
2702,Revoking,1
2703,Kushner's,1
2704,25,1
2705,tonnes,1
2706,soybeans,1
2707,unsold,1
2693,Houston,1
2691,son’s,1
2674,expunge,1
2682,5th,1
2675,records,1
2676,jailed,1
2677,pot,1
2678,offenses,1
2679,dollars,1
2681,Panama,1
2683,news:,1
2690,dictated,1
2684,Google,1
2685,rigging,1
2686,search,1
2687,results,1
2688,look,1
2689,bad,1
2485,Think,1
2484,61%,1
2483,rolls,1
2287,revealing,1
2270,Leaders,1
2271,Caved,1
2272,Like,1
2274,Weenies,1
2275,gov,1
2276,vetoes,1
2277,defund,1
2278,Parenthood,1
2279,immunity,1
2280,deal.,1
2281,aggressively,1
2282,hunting,1
2283,"""executive",1
2284,"time""",1
2285,leaker,1
2269,Due:,1
2268,Where,1
2267,Credit,1
2255,McCabe:,1
2249,funneled,1
2250,cancer,1
2251,business:,1
2252,number,1
2253,harassment,1
2254,senators,1
2256,opened,1
2266,Wins,1
2257,president',1
2260,Amending,1
2261,13223,1
2263,Replace,1
2264,School,1
2265,Teacher,1
2286,embarrassed,1
2288,schedule,1
2326,Porn,1
2289,Democrat:,1
2310,Photo,1
2311,Intervened,1
2312,Sell,1
2313,HQ,1
2314,Property,1
2315,Potential,1
2316,Hotel,1
2317,Competitors,1
2318,Dutch,1
2319,Absolute,1
2320,Proof,1
2321,Behind,1
2322,Hacking,1
2323,Susan,1
2324,Collins,1
2309,Emails,1
2308,intercepts,1
2307,"ambassador,",1
2297,Quickly,1
2290,‘Likely’,1
2291,Investigated,1
2292,Perjury,1
2293,Nancy,1
2294,presidency,1
2295,Never,1
2298,Repeal,1
2306,matters,1
2299,Obamacare.,1
2300,Here’s,1
2302,Exactly,1
2303,That.,1
2304,discussed,1
2305,campaign-related,1
2248,Eric,1
2247,Smashing,1
2246,"Return,",1
2245,Jobs?,1
2187,hand-delivered,1
2188,lift,1
2189,chiefs,1
2190,push,1
2191,existence,1
2192,Reports:,1
2193,Plead,1
2194,Making,1
2195,False,1
2196,Statements,1
2198,$11.3m,1
2200,–,1
2201,Obama’s,1
2202,‘Release,1
2203,tapes.,1
2186,Forgotten',1
2184,Era:,1
2183,#MeToo,1
2172,Voting,1
2165,Others,1
2166,Lie',1
2167,Volunteers,1
2168,Bank,1
2170,While,1
2171,Plays,1
2173,Once.,1
2181,Accusers,1
2174,Less,1
2175,Cons.,1
2177,Mia,1
2178,Love,1
2179,congressional,1
2180,subject,1
2204,good,1
2205,it.’,1
2206,“Charity”,1
2235,legalize,1
2229,Facts,1
2230,Defiance,1
2231,Trust,1
2232,Joe,1
2233,Kennedy,1
2234,III:,1
2236,level,1
2227,Park,1
2237,brands,1
2239,'fake',1
2240,$5.7,1
2242,"Education,",1
2243,"Healthcare,",1
2244,Green,1
2228,Tweeting,1
2226,Rogue,1
2208,Elaborate,1
2216,SEAL,1
2209,Scheme,1
2210,Debts,1
2212,Scandalous,1
2213,miss,1
2214,reason',1
2215,Navy,1
2217,killed,1
2225,Charge,1
2218,Laden:,1
2219,‘A,1
2220,parade,1
2222,bulls---’,1
2223,Seems,1
2224,Needed,1
2325,cancel,1
2327,star,1
2482,"300,000",1
2445,Ryan's,1
2428,read',1
2429,tries,1
2430,Silverman,1
2431,Blasts,1
2432,Hypocrisy,1
2433,Telling,1
2434,Taylor,1
2435,Swift,1
2436,'Stay,1
2437,Politics',1
2438,Giving,1
2439,Kanye,1
2440,West,1
2442,Ticket,1
2443,House',1
2427,‘doesn’t,1
2426,"‘Undisciplined,’",1
2425,Rex,1
2416,spending,1
2409,Syria,1
2410,leaving,1
2411,country,1
2412,refuse,1
2413,reason,1
2414,hasn't,1
2417,"bill,",1
2424,"cuts,",1
2418,Sign,1
2419,Spending,1
2420,Declare,1
2421,Southern,1
2422,70%,1
2423,super-rich,1
2444,witness-tampering,1
2446,gym,1
2328,she’s,1
2447,shutdowns,1
2466,Ex-CIA,1
2467,director,1
2469,firing:,1
2470,You'll,1
2471,'disgraced,1
2472,demagogue',1
2473,Nearly,1
2474,"3,000",1
2475,Disappeared,1
2476,Florida’s,1
2477,Recount.,1
2478,Supposed,1
2479,Happen.,1
2480,Analysis:,1
2481,purged,1
2465,hacking,1
2464,12,1
2463,indicts,1
2454,"cards,",1
2448,ex-lawyer,1
2449,Oversight,1
2450,entering,1
2451,Jersey,1
2452,club,1
2453,green,1
2455,undocumented,1
2462,hands',1
2456,Angela,1
2457,Merkel,1
2458,rely,1
2459,America:,1
2460,Europeans,1
2461,destiny,1
2408,case.,1
2407,reading,1
2406,Instead.,1
2404,Called,1
2348,Dead,1
2349,Detention,1
2350,Center,1
2352,‘Negligent,1
2353,Care’:,1
2354,Mall,1
2355,Banned,1
2356,’80s,1
2357,Pursuing,1
2358,Teens,1
2359,Americans:,1
2360,wasn't,1
2361,29-year-old,1
2362,poised,1
2363,42,1
2347,briefings,1
2346,attention,1
2345,refusal,1
2336,commencement,1
1696,jury,1
2330,violates,1
2331,non-disclosure,1
2332,Notre,1
2333,Dame,1
2335,walk,1
2337,hostage,1
2344,frustrated',1
2338,walked,1
2339,uncovered,1
2340,widespread,1
2341,effort,1
2342,race,1
2343,'extraordinarily,1
2364,think,1
2366,worst,1
2367,China's,1
2396,Douglas,1
2389,2:,1
2390,testifies,1
2391,plea,1
2392,contact,1
2394,right-wing,1
2395,sliming,1
2397,High,1
2387,Turn,1
2398,ignored.,1
2399,disgusting,1
2400,that.,1
2401,Tried,1
2402,Door,1
2403,Report.,1
2388,Megathread,1
2386,Required,1
2368,Xi,1
2376,Deceptive,1
2369,consolidating,1
2370,power:,1
2371,'Maybe,1
2372,we'll,1
2373,day',1
2375,Texas,1
2377,Mailer,1
2385,count,1
2378,‘Summons’,1
2380,can't,1
2381,sued,1
2382,insists,1
2383,committed,1
2384,shouldn’t,1
1697,subpoenas,1
0,Kim,1
1695,Grand,1
698,Bannon,1
733,Blocking,1
731,Plea,1
730,Since,1
729,Investigators,1
724,McConnnell,1
721,"majority,""",1
720,"""overwhelming",1
718,won,1
717,Huckabee,1
715,overruled,1
714,"clearance,",1
703,Under,1
702,Gaetz,1
701,Matt,1
696,Remove,1
735,Comment,1
695,Sanders:,1
694,Day.,1
693,Veterans,1
692,Happy,1
691,ballots.,1
690,ignore,1
685,Pulls,1
684,Councils,1
682,Quits,1
681,Musk,1
680,Elon,1
678,Access,1
677,Execs,1
676,Chinese,1
734,Enforcement,1
738,Finally,1
674,Owner,1
760,“We,1
780,room,1
779,detainees,1
777,feed,1
776,supposed,1
775,$1.5,1
774,kept,1
772,sheriff,1
771,An,1
770,book,1
769,explosive,1
768,publication,1
767,wake,1
762,suggests,1
761,Resist”,1
759,Manhattan:,1
739,Documented,1
758,Midtown,1
756,Protesters,1
755,#ProtectMueller,1
754,Schiff,1
752,praising,1
749,Opponents,1
748,Harass,1
747,Supporters,1
746,Asks,1
745,Politely,1
744,tweets,1
743,old,1
742,deleting,1
740,Case,1
675,Selling,1
673,Parlor,1
783,"discussions,",1
583,Supercut,1
608,'He,1
607,workers:,1
606,effect,1
605,shutdown's,1
601,prosecutors,1
600,payments,1
599,hush-money,1
598,including,1
592,now.,1
590,slamming,1
589,personalities,1
588,Clips,1
585,Standard,1
584,Double,1
582,Stunning,1
612,father,1
581,issues,1
579,Homeland,1
578,discuss,1
576,AOL,1
571,Model,1
570,Playboy,1
568,Discussing,1
567,Taped,1
566,Losses,1
565,Business,1
561,Figures,1
560,Red:,1
559,Decade,1
557,revisit,1
610,maybe,1
613,money',1
672,Massage,1
640,needed,1
670,exhaustion,1
669,"dehydration,",1
667,custody,1
666,Patrol,1
664,taken,1
663,girl,1
661,7-year-old,1
659,Acosta's,1
657,return,1
654,Trump-Putin,1
653,Doctoring,1
651,Broken,1
647,Introduced,1
641,response,1
639,"100,000",1
614,16,1
638,reaches,1
635,abuse,1
633,fight,1
632,ability,1
631,DEA’s,1
630,cripple,1
629,worked,1
626,Minutes’,1
625,‘60,1
624,Explosive,1
622,final,1
620,prisons,1
616,sue,1
615,states,1
781,hush,1
784,NBC,1
551,women,1
901,Ethics,1
920,Indicts,1
918,outside.,1
917,cold,1
915,umpteenth,1
914,"tweets,",1
912,Moron:,1
911,F*cking,1
910,Embarrassing,1
909,Look,1
908,He's,1
907,Because,1
906,Dismissed,1
903,Brett,1
902,Complaints,1
900,83,1
922,Nationals,1
899,Receive,1
898,Workers,1
897,Low-Paid,1
896,Assistance,1
894,100%,1
893,Fund,1
892,Corporations,1
889,"Welfare,",1
888,Billionaires,1
887,Force,1
886,passed:,1
885,richer',1
884,lot,1
882,'you,1
921,13,1
923,Entities,1
879,Obstruction,1
960,protections,1
985,Hard,1
984,How,1
982,GPS,1
981,Fusion,1
980,unilaterally,1
979,Feinstein,1
978,Dianne,1
973,myself',1
972,pardon,1
970,absolute,1
967,top-secret,1
963,countries,1
962,‘shithole’,1
961,immigrants,1
959,attacks,1
924,Interference,1
958,felonies,1
957,different,1
954,compromised,1
950,Yates,1
949,Sally,1
945,appoint,1
944,Contradicting,1
943,"Threat,",1
938,Work,1
937,Ignore,1
935,EU,1
931,O’Rourke,1
929,challenger,1
928,"declines,",1
881,friends,1
878,Bombshell,1
786,Ocasio-Cortez’s,1
807,"wins,",1
824,Technology,1
823,Nuclear,1
822,Sensitive,1
820,Concerns,1
819,Raise,1
818,Whistleblowers,1
817,Multiple,1
815,lifting,1
814,disapprove,1
813,362-53,1
812,century,1
811,quarter,1
810,Arizona,1
809,senator,1
806,Sinema,1
831,Cambridge,1
805,Kyrsten,1
804,grades,1
803,school,1
802,threatened,1
800,Fordham,1
799,handed,1
798,banking,1
796,turned,1
794,confesses,1
791,viral,1
790,goes,1
789,politics,1
788,round”,1
787,“lightning,1
830,Rating,1
832,Analytica,1
877,Erupts,1
853,Tells,1
876,Impeached':,1
874,Or,1
873,'Resign,1
870,So,1
866,Used,1
865,Dumbbell’,1
864,Racist,1
862,Confused,1
861,Being,1
860,Tired,1
859,‘I’m,1
858,King:,1
857,Steve,1
854,Iowans,1
852,King,1
833,Bragged,1
851,Author,1
850,lanes,1
849,fast,1
848,Internet,1
847,tolls,1
845,promise,1
844,drops,1
843,quietly,1
840,Influence,1
839,Hookers,1
838,Ukranian,1
837,"Bribes,",1
836,"News,",1
835,Fake,1
555,misconduct.,1
550,17,1
1694,builder',1
203,Maloney,1
230,reverse,1
226,Subpoenas,1
225,Felony’,1
221,‘Concluded,1
215,U.S./Mexico,1
214,land,1
213,plot,1
212,buys,1
211,Humanity,1
210,Cards,1
209,Rollback,1
207,"Internet,",1
206,Open,1
205,Legislation,1
200,arms',1
232,30th,1
199,'up,1
198,Clinton's,1
197,cared,1
196,really,1
190,"holiday,",1
188,Majority,1
184,420-0,1
182,Website,1
180,Deleted,1
177,References,1
174,white,1
172,Pittsburgh,1
171,welcome,1
169,tell,1
231,gains,1
233,"co-sponsor,",1
167,Jewish,1
266,"Sates',",1
292,details,1
291,concealed,1
285,AP,1
284,72?,1
281,believing,1
280,7,1
278,Santa,1
277,‘Believing,1
276,‘marginal’:,1
275,what’s,1
273,Rather,1
272,Dan,1
268,Journalist,1
267,Watergate,1
265,Destabilize,1
234,ensuring,1
263,'Helped,1
261,Draft,1
256,Asked,1
255,Memo,1
253,pardoning,1
251,"college,",1
250,electoral,1
245,outburst,1
244,furious,1
243,elected',1
242,'helped,1
240,test,1
239,IQ,1
236,Mensa,1
168,leaders,1
166,briefing.,1
294,encounters,1
36,send,1
67,announcement,1
63,craven,1
62,FCC’s,1
60,Behalf,1
59,Working,1
56,Whether,1
54,Inquiry,1
53,Opened,1
50,huge,1
49,racking,1
48,resign,1
45,Chairman,1
42,petition,1
37,hundreds,1
29,Threatened,1
70,22,1
23,Backed,1
22,"Fired,",1
19,ambassador.,1
18,minister,1
17,foreign,1
14,classified,1
13,highly,1
8,"couples,",1
7,gay,1
6,licenses,1
5,marriage,1
4,sign,1
3,refused,1
2,clerk,1
69,mention,1
72,comments,1
164,Friday,1
125,Jeff,1
162,organizations,1
152,Browser,1
151,Congress’s,1
150,Publish,1
149,Buy,1
147,Creator,1
146,Humanity’,1
144,‘Cards,1
143,1989,1
140,Covering,1
138,Media,1
137,Criticizing,1
132,Resurfaced,1
128,unveiled,1
123,5PM,1
81,Directed,1
122,Thursday,1
121,Declared,1
118,Crossed':,1
117,Line,1
116,Red,1
115,'A,1
109,Salaries,1
107,Lose,1
96,"Day,",1
94,observing,1
92,city,1
91,Ohio,1
90,Project,1
85,Lie,1
293,face-to-face,1
300,pleads,1
549,alcohol’,1
466,rise,1
490,Learn,1
489,Horrified,1
487,Hosts,1
481,Washington,1
478,clean,1
477,'come,1
476,having,1
475,ground',1
474,'into,1
471,pattern',1
470,'There's,1
469,Enough.',1
468,say:,1
467,today,1
465,"President,",1
493,Want,1
464,'Mr.,1
463,"speech,",1
462,Senate-floor,1
460,"Flake,",1
456,Client,1
455,Third,1
449,legislature,1
448,tie,1
447,50-50,1
446,creating,1
445,vote;,1
443,recount,1
442,seat,1
439,Minutes,1
492,Polls,1
495,Rich,1
436,Politics,1
521,Me,1
548,‘cigarettes,1
543,dodger',1
542,draft,1
541,'five-deferment,1
540,needs,1
538,lectured,1
533,Criminal,1
532,Implicated,1
528,Legalized,1
527,Marriage,1
526,Gay,1
525,Asset,1
524,Investigating,1
522,Anything!,1
520,Ask,1
496,invokes,1
519,America.,1
515,I'll,1
514,"race,",1
513,gubernatorial,1
511,"up""",1
510,"""toss",1
509,win,1
508,Abrams.,1
507,Stacey,1
505,"Hi,",1
501,sell,1
500,congress,1
499,sidestep,1
498,powers,1
438,Incredible,1
435,Side,1
301,guilty,1
328,humanity,1
363,99.7,1
361,transcript,1
359,edits,1
352,disclose,1
351,require,1
349,Politician,1
346,Viewed,1
342,Speech,1
341,Game',1
340,'Corruption,1
338,Penthouse,1
336,$50,1
332,Organization,1
331,"country?""",1
327,"illegal,",1
365,Unique,1
326,thirst,1
325,dying,1
324,water,1
322,"""If",1
320,Migrants,1
319,Water,1
317,Leaving,1
314,Possible,1
313,"Arizona,",1
311,Do':,1
308,Jesus,1
306,'Literally,1
305,project,1
302,lying,1
364,Percent,1
366,Comments,1
434,Dark,1
407,bring,1
432,today.,1
431,confirming,1
429,Devos',1
427,"$100,000",1
425,Rubio,1
424,Marco,1
423,45th,1
422,Inaugurated,1
421,Later,1
420,"Assault,",1
417,Boasts,1
413,Contacts,1
412,Repeated,1
410,Aides,1
399,adviser,1
367,Favored,1
397,Database,1
395,Through,1
394,Advocates,1
392,Journalists,1
391,Tracking,1
387,Source:,1
386,lawsuit,1
385,amidst,1
384,process,1
383,interfered,1
380,"neutrality,",1
378,vote”,1
377,[Senate],1
376,“There,1
986,Can,1
989,'Nazis,1
990,Bad'?,1
1483,partnership,1
1498,"day,",1
1497,approval.,1
1496,needing,1
1495,merger,1
1494,announced,1
1493,T-Mobile,1
1492,way:,1
1491,point,1
1489,backlash,1
1488,growing,1
1487,"website,",1
1486,airline's,1
1485,group,1
1484,gun,1
1482,ends,1
1500,executives,1
1481,Delta,1
1480,issue,1
1479,Vice,1
1478,Kremlin,1
1477,channel,1
1476,communications,1
1473,execs,1
1472,impose,1
1471,upset.,1
1467,Lamb,1
1466,Conor,1
1465,official:,1
1464,coward,1
1463,You're,1
1499,9,1
1501,reservations,1
1461,'part,1
1520,stage,1
1539,‘motherf***er’,1
1538,"contractors,",1
1535,knew,1
1534,repeatedly,1
1533,despite,1
1531,meant',1
1530,'never,1
1528,Father,1
1527,Riches,1
1526,Reaped,1
1525,Schemes,1
1524,Suspect,1
1523,Engaged,1
1521,G20,1
1519,walks,1
1502,hotel.,1
1518,suddenly,1
1517,here',1
1516,'get,1
1514,overheard,1
1513,owner,1
1512,Patriots,1
1511,England,1
1510,spa,1
1509,founder,1
1508,emerges,1
1507,selfie,1
1506,Bowl,1
1505,Super,1
1503,begin,1
1462,resistance.',1
1460,you're,1
1541,Canada’s,1
1393,donate,1
1415,Adult-Film,1
1414,"$130,000",1
1413,Arranged,1
1411,it’s,1
1410,"billionaires,",1
1409,love,1
1408,falling,1
1406,looms,1
1405,indictment,1
1403,Canada,1
1402,hiding,1
1399,Breaks,1
1397,Release,1
1394,"president,",1
1392,"heritage,",1
1417,Silence,1
1,"Davis,",1
1390,Native,1
1389,proved,1
1388,reminds,1
1386,Probe,1
1385,Pet,1
1384,Installed,1
1383,"Unprompted,",1
1382,"Out,",1
1381,Blurted,1
1378,behind',1
1377,'morons,1
1376,It's,1
1375,problems:,1
1416,Star’s,1
1419,quit':,1
1459,"official,",1
1441,destructive,1
1458,anonymous,1
1457,"No,",1
1456,Cohen's,1
1455,Buzzfeed,1
1454,nature,1
1453,disputes,1
1451,"statement,",1
1450,rare,1
1449,up’,1
1448,‘standing,1
1446,laughing,1
1445,bursts,1
1444,Audience,1
1443,seriously,1
1440,News’s,1
1421,network's,1
1439,high,1
1436,"Trafficking,",1
1435,Sex,1
1432,Pleads,1
1431,Values',1
1430,'Family,1
1429,Coordinator,1
1428,better,1
1427,leadership,1
1426,'right,1
1425,urges,1
1424,embarrassment',1
1423,'an,1
1422,coverage,1
1540,"days,",1
1542,Prime,1
992,shut,1
1638,imprisoning,1
1655,tag,1
1653,$2K,1
1651,confronts,1
1650,illegally,1
1649,apparently,1
1648,"email,",1
1647,residents,1
1646,allowed,1
1645,heavily,1
1644,answer,1
1642,legal,1
1641,basic,1
1640,nominee,1
1639,members,1
1637,consider,1
1658,$8,1
1636,Wife,1
1635,Contracts,1
1634,Donors,1
1633,Helping,1
1632,Busted,1
1630,Staff,1
1629,Chief,1
1628,Offer,1
1627,"Pence,",1
1626,Aide,1
1625,"Ayers,",1
1624,Nick,1
1623,killing,1
1622,Please,1
1656,HIV,1
1659,Australia,1
1620,Summary,1
1677,Environmental,1
1693,"builder,",1
1692,bridge,1
1691,'was,1
1690,father:,1
1689,comparing,1
1687,son,1
1686,MLK's,1
1684,didn't,1
1683,fiber,1
1682,municipal,1
1681,town—residents,1
1680,small,1
1679,Agency,1
1678,Protection,1
1676,Administrator,1
1660,Sitting,1
1675,Pruitt,1
1674,Quinnipiac,1
1673,"45,",1
1672,54,1
1671,O'Rourke,1
1670,leads,1
1669,stocks,1
1668,individual,1
1667,selling,1
1666,buying,1
1665,Crisis,1
1664,Avert,1
1663,Indictable,1
1661,Presidents,1
1621,FCC.,1
1619,Four-Page,1
1543,Minister,1
1562,Us,1
1577,unearthed,1
1576,Newly,1
1575,Power,1
1574,Cripple,1
1573,Move,1
1572,Walker,1
1570,Outgoing,1
1569,Capitol,1
1568,Wisconsin,1
1567,Engulf,1
1566,Coup':,1
1565,Parade,1
1564,Farce,1
1563,$92,1
1561,Saved,1
1580,1995’,1
1560,Whoever,1
1559,Cheers,1
1558,59-41,1
1557,Declaration,1
1555,Rejecting,1
1554,Resolution,1
1553,"campaign""",1
1551,"""I",1
1550,Giuliani:,1
1549,Approved,1
1548,much.,1
1546,aren’t,1
1545,fraud.,1
1544,rerun,1
1579,‘meeting,1
1581,'building,1
1618,Questions,1
1601,Jones:,1
1617,Raising,1
1616,"Pages,",1
1615,300,1
1614,Exceeds,1
1613,lips,1
1612,kiss,1
1611,tried,1
1610,anchor:,1
1608,negotiated,1
1606,"jail,",1
1605,girls,1
1604,little,1
1603,hurt,1
1602,Men,1
1600,It:,1
1582,project',1
1599,Spiked,1
1598,"Election,",1
1597,Before,1
1596,Story,1
1594,Soon,1
1593,Indicted,1
1592,Expecting,1
1591,clearance,1
1590,grant,1
1588,pressured,1
1586,"systems,",1
1585,voter,1
1584,hacked,1
1583,successfully,1
1374,solve,1
1373,Stern,1
1372,Howard,1
1120,Doctored,1
1143,Rules,1
1142,Sanctions,1
1140,Enact,1
1137,proposal,1
1136,anti-corruption,1
1135,sweeping,1
1134,majority:,1
1133,unveil,1
1132,everything”,1
1131,“you’re,1
1128,blame,1
1125,host:,1
1122,Justify,1
1121,Infowars,1
1119,Sharing,1
1146,Seeking,1
1115,19-24,1
1114,Sentence,1
1113,Recommends,1
1112,Trolls,1
1111,Hiding,1
1110,Up,1
1109,Rises,1
1107,murder,1
1106,Khashoggi,1
1105,prince,1
1104,crown,1
1103,question',1
1101,"briefing,",1
1100,CIA,1
1144,Cannot,1
1147,Financial,1
1098,'inappropriate',1
1167,serve,1
1190,Eased,1
1189,Job’,1
1188,‘Nut,1
1187,Firing,1
1183,scheme,1
1182,coordination,1
1180,alleged,1
1179,center,1
1178,buyers,1
1177,ad,1
1174,shell,1
1172,Obama-era,1
1171,"justice,",1
1169,possible,1
1166,unfit,1
1148,Records,1
1163,Heard,1
1162,Haven’t,1
1161,Caravan,1
1160,Human,1
1159,Care,1
1158,Health,1
1156,Flood,1
1155,Millions,1
1154,fundraiser,1
1153,Wall',1
1152,'Build,1
1151,donations,1
1150,refunding,1
1149,GoFundMe,1
1099,relationship,1
1097,citing,1
1371,deftness.,1
1021,"Security,",1
1041,Iger,1
1040,Bob,1
1038,Disney,1
1036,fed,1
1035,reimburse,1
1033,Fairness,1
1031,Back,1
1030,Virginia,1
1028,Northam,1
1027,Ralph,1
1026,NJ,1
1025,3.,1
1023,budget,1
1022,Medicare.,1
1019,"Medicaid,",1
1047,laughed,1
1018,cut,1
1017,wouldn’t,1
1014,Longtime,1
1013,Raids,1
1012,times.,1
1011,15,1
1010,did.,1
1008,growth.,1
1007,GDP,1
1004,broke,1
1003,Jr,1
1002,"campaign,",1
998,spoke,1
997,benefit,1
1046,Watch:,1
1048,U.N.,1
1096,"debates,",1
1074,Medicare-for-All,1
1095,primary,1
1094,let,1
1093,early,1
1092,preparing,1
1089,rejecting,1
1088,Rights,1
1087,Civil,1
1086,violated,1
1082,die,1
1079,witness:,1
1078,Key,1
1077,insurance,1
1076,cheap,1
1075,enjoying,1
1072,'Frustrating',1
1049,Assembly,1
1068,Deputy,1
1066,articles,1
1063,inspection,1
1062,safety,1
1061,food,1
1060,resuming,1
1059,voted,1
1058,183,1
1056,strike,1
1055,union,1
1054,attendant,1
1053,Flight,1
1051,greatest,1
1050,claiming,1
1191,Pressure,1
1193,'Saturday,1
1194,Night,1
1315,NC-9,1
1333,controversy,1
1331,NFL,1
1330,base,1
1329,flag,1
1328,lowering,1
1327,song,1
1325,"sits,",1
1323,14th,1
1322,course,1
1320,destroyed,1
1319,possibly,1
1318,absentee,1
1317,thousand,1
1316,scandal:,1
1314,fraud',1
1335,Added,1
1312,"28,",1
1311,'genius',1
1308,here’,1
1306,explosion,1
1304,predicted,1
1301,regarding,1
1300,order,1
1299,executive,1
1298,overturns,1
1296,inauguration,1
1295,soon,1
1294,families,1
1293,separating,1
1292,planned,1
1334,Wikipedia,1
1336,'Detention,1
1195,Live',1
1356,counted,1
1370,clarity,1
1369,praised,1
1368,hearing,1
1367,questioning,1
1366,line,1
1365,Returns;,1
1364,Trap,1
1363,Laid,1
1362,Expertly,1
1361,build,1
1360,intent,1
1359,letter,1
1358,signed,1
1357,CNN:,1
1355,mailed,1
1337,Centers',1
1353,voiced,1
1352,privately,1
1350,refute,1
1349,living,1
1348,lie.,1
1346,shutdown.,1
1345,2013,1
1344,troop,1
1343,delayed,1
1342,claimed,1
1341,Camps,1
1340,Concentration,1
1339,List,1
1338,Its,1
1291,reveals,1
1290,Document,1
1288,"House,",1
1217,Jefferson,1
1235,they’re,1
1234,Rubio’,1
1233,‘Marco,1
1232,AR-15s,1
1230,survivor:,1
1229,shooting,1
1228,Killing,1
1225,Saudis,1
1224,Help,1
1222,Kill,1
1221,Turkey,1
1220,Letting,1
1219,Mulls,1
1218,Request,1
1215,Exercising,1
1287,update,1
1214,Georgians,1
1213,Concern,1
1212,Expresses,1
1209,"Audio,",1
1208,public:,1
1207,"testify,",1
1205,Shooting,1
1204,Synagogue,1
1203,'Happy',1
1201,Letter,1
1199,Sends,1
1198,Williams,1
1197,Pharrell,1
1196,fun,1
1236,easy,1
1238,Played,1
1239,Central,1
1240,Role,1
1285,Rule,1
1284,"Democracy,",1
1281,"1,000",1
1280,Demonstrations,1
1279,Drill':,1
1276,Wikileaks,1
1274,Between,1
1273,Correspondence,1
1272,citizen,1
1269,fails,1
1268,So’,1
1266,"Crime,",1
1265,Commit,1
1264,Confidence,1
1263,‘If,1
1262,oath,1
1261,'100%',1
1260,study,1
1259,pending,1
1258,"serving,",1
1255,transgender,1
1253,Mattis,1
1252,community,1
1250,notorious,1
1248,demand,1
1247,users,1
1246,McDougal,1
1245,Karen,1
1242,Payoffs,1
2782,$375k,1
